year,month,category,total_sold_products,average_rating
1996,5,Books,2,4.5
1996,6,Books,2,5.0
1996,8,Books,1,5.0
1996,11,Books,9,3.5555555555555554
1996,12,Books,13,4.615384615384615
1997,1,Books,7,4.428571428571429
1997,2,Books,5,5.0
1997,3,Books,6,4.166666666666667
1997,4,Books,9,4.222222222222222
1997,5,Books,15,4.733333333333333
1997,6,Books,27,4.444444444444445
1997,7,Books,25,4.28
1997,8,Movies,2,4.5
1997,8,CDs & Vinyl,2,5.0
1997,8,Pop,2,5.0
1997,8,Movies & TV,2,4.5
1997,8,Books,1155,4.400766283524904
1997,9,CDs & Vinyl,3,5.0
1997,9,Movies,3,3.6666666666666665
1997,9,Rock,3,5.0
1997,9,"",4,4.25
1997,9,Books,1114,4.340109460516028
1997,9,Pop,3,5.0
1997,9,Movies & TV,4,4.0
1997,10,Books,1940,4.444642063139173
1997,10,Movies & TV,6,4.5
1997,10,CDs & Vinyl,6,5.0
1997,10,Rock,6,5.0
1997,10,Pop,6,5.0
1997,11,Movies,12,4.5
1997,11,Pop,8,5.0
1997,11,CDs & Vinyl,11,5.0
1997,11,Movies & TV,15,4.533333333333333
1997,11,Books,1807,4.425501432664756
1997,12,Movies,12,4.416666666666667
1997,12,Books,2057,4.451320132013201
1997,12,Pop,17,4.611111111111111
1997,12,Movies & TV,13,4.461538461538462
1997,12,CDs & Vinyl,19,4.65
1998,1,Rock,16,4.9411764705882355
1998,1,Movies & TV,18,4.888888888888889
1998,1,CDs & Vinyl,27,4.84375
1998,1,Books,2557,4.418224299065421
1998,1,Pop,18,4.826086956521739
1998,2,Pop,13,4.75
1998,2,Movies,22,4.826086956521739
1998,2,CDs & Vinyl,18,4.809523809523809
1998,2,Books,2009,4.377520377520377
1998,2,Movies & TV,23,4.791666666666667
1998,3,Movies & TV,18,4.611111111111111
1998,3,Books,2847,4.420208023774146
1998,3,Movies,15,4.733333333333333
1998,3,Pop,21,4.913043478260869
1998,3,CDs & Vinyl,24,4.923076923076923
1998,4,Rock,80,4.867469879518072
1998,4,Alternative Rock,43,4.863636363636363
1998,4,CDs & Vinyl,115,4.805084745762712
1998,4,Pop,97,4.797979797979798
1998,4,Books,3031,4.425531914893617
1998,5,Books,2902,4.403780068728523
1998,5,Pop,542,4.655228758169935
1998,5,Alternative Rock,195,4.5777777777777775
1998,5,CDs & Vinyl,588,4.6555891238670695
1998,5,Rock,380,4.608695652173913
1998,6,CDs & Vinyl,1273,4.646573604060913
1998,6,Alternative Rock,445,4.65365025466893
1998,6,Books,3258,4.348676070279634
1998,6,Rock,811,4.6711930164888456
1998,6,Pop,1182,4.651700680272109
1998,7,Books,3746,4.346889426247527
1998,7,Rock,1039,4.534792806880375
1998,7,CDs & Vinyl,1640,4.55414979757085
1998,7,Pop,1510,4.5377875136911285
1998,7,Alternative Rock,558,4.535014005602241
1998,8,Alternative Rock,444,4.509090909090909
1998,8,CDs & Vinyl,1345,4.501282051282051
1998,8,Books,3238,4.3169342309684104
1998,8,Pop,1251,4.50447350309704
1998,8,Rock,886,4.4948162111215835
1998,9,Pop,1247,4.6110716820440025
1998,9,Rock,811,4.606486486486486
1998,9,CDs & Vinyl,1422,4.619912335629305
1998,9,Books,2779,4.3218572331017056
1998,9,Alternative Rock,391,4.565591397849462
1998,10,Alternative Rock,429,4.500967117988394
1998,10,Pop,1317,4.59414504324684
1998,10,Rock,866,4.522167487684729
1998,10,CDs & Vinyl,1495,4.585697399527187
1998,10,Books,3146,4.350681198910082
1998,11,Books,3230,4.408019506908697
1998,11,Alternative Rock,398,4.602197802197802
1998,11,Pop,1261,4.593014967925873
1998,11,Rock,842,4.591431556948798
1998,11,CDs & Vinyl,1468,4.600985221674877
1998,12,CDs & Vinyl,1530,4.56140350877193
1998,12,Rock,884,4.525073746312684
1998,12,Movies & TV,718,4.408227848101266
1998,12,Books,3393,4.400105152471083
1998,12,Pop,1311,4.562968005445882
1999,1,Pop,1347,4.613315400134499
1999,1,Books,3787,4.331954973581438
1999,1,Movies & TV,733,4.358892438764643
1999,1,Rock,850,4.591476091476092
1999,1,CDs & Vinyl,1583,4.610374639769453
1999,2,Movies & TV,673,4.369797859690844
1999,2,Rock,1035,4.520868113522537
1999,2,CDs & Vinyl,1810,4.549067713444553
1999,2,Books,3421,4.340510766149224
1999,2,Pop,1531,4.555234239444766
1999,3,Movies & TV,751,4.3539731682146545
1999,3,Pop,1666,4.591519055287171
1999,3,CDs & Vinyl,1987,4.5877311682453765
1999,3,Books,3673,4.347592332865825
1999,3,Rock,1060,4.56357670221493
1999,4,Books,3645,4.361216730038023
1999,4,Pop,1766,4.60271220492215
1999,4,Rock,1153,4.571001494768311
1999,4,CDs & Vinyl,2090,4.609288453344695
1999,4,Movies & TV,881,4.354240282685512
1999,5,Books,3596,4.3786924939467315
1999,5,CDs & Vinyl,1923,4.553903345724907
1999,5,Movies & TV,800,4.3632773938795655
1999,5,Pop,1589,4.551031790295594
1999,5,Rock,1039,4.516209476309227
1999,6,Movies & TV,913,4.298393913778529
1999,6,Rock,1194,4.540697674418604
1999,6,Pop,1847,4.560940499040307
1999,6,CDs & Vinyl,2193,4.559902200488998
1999,6,Books,3853,4.294263775971093
1999,7,CDs & Vinyl,2241,4.542675664946407
1999,7,Movies & TV,855,4.252946509519492
1999,7,Books,3669,4.361677207776997
1999,7,Pop,1885,4.529934518241347
1999,7,Rock,1180,4.490124359912216
1999,8,Books,3616,4.3203295371940875
1999,8,Pop,1797,4.558492413117964
1999,8,Movies & TV,843,4.320822162645219
1999,8,CDs & Vinyl,2154,4.558388157894737
1999,8,Rock,1144,4.533483822422874
1999,9,CDs & Vinyl,1975,4.565418400369857
1999,9,Movies & TV,800,4.288337924701561
1999,9,Books,3297,4.338379814077025
1999,9,Rock,1075,4.526666666666666
1999,9,Pop,1652,4.567328918322295
1999,10,Movies & TV,1401,4.232579603137979
1999,10,Books,5961,4.256655574043261
1999,10,Pop,2987,4.476734466425188
1999,10,Rock,1912,4.420921544209215
1999,10,CDs & Vinyl,3577,4.474325908558031
1999,11,Rock,2357,4.447418738049713
1999,11,Pop,3770,4.485549132947977
1999,11,Movies & TV,1535,4.29374471682164
1999,11,CDs & Vinyl,4576,4.4938761428325
1999,11,Books,7195,4.302976057283509
1999,12,Books,11712,4.286721805475412
1999,12,Pop,6215,4.467601102941177
1999,12,Rock,3897,4.425662629454099
1999,12,CDs & Vinyl,7685,4.470827808297026
1999,12,Movies & TV,2486,4.227973800971899
2000,1,Movies & TV,2722,4.168635043562439
2000,1,Pop,6534,4.464687706907967
2000,1,Rock,4026,4.440460081190798
2000,1,Books,12913,4.262023682586004
2000,1,CDs & Vinyl,7985,4.469628537192368
2000,2,Books,11338,4.27572611381259
2000,2,Pop,6101,4.473355736917907
2000,2,Movies & TV,2520,4.153861997940267
2000,2,Rock,3793,4.428361768482847
2000,2,CDs & Vinyl,7520,4.4732726192833105
2000,3,Rock,4207,4.409453652547575
2000,3,Movies & TV,2613,4.164761904761905
2000,3,CDs & Vinyl,8290,4.450131344801288
2000,3,Books,15105,4.307859051267833
2000,3,Pop,6671,4.440318302387268
2000,4,CDs & Vinyl,7924,4.4582315141641775
2000,4,Pop,6393,4.458346945442666
2000,4,Books,16520,4.319200076915681
2000,4,Rock,4073,4.43146467919637
2000,4,Movies & TV,2729,4.157163478888488
2000,5,Books,16715,4.2932945154019535
2000,5,Pop,6602,4.435292839291535
2000,5,Movies & TV,2611,4.116784255477163
2000,5,CDs & Vinyl,8066,4.448175712470503
2000,5,Rock,4189,4.427454811919882
2000,6,Pop,8010,4.463378726536622
2000,6,Rock,4775,4.432857558986309
2000,6,Books,16593,4.311170966827332
2000,6,Movies & TV,3106,4.14082409399305
2000,6,CDs & Vinyl,10173,4.469166363305424
2000,7,Rock,4473,4.4193496716322285
2000,7,Pop,7299,4.451706608569354
2000,7,CDs & Vinyl,9180,4.455929352396972
2000,7,Movies & TV,2947,4.090229675537732
2000,7,Books,14952,4.300389509218385
2000,8,Movies & TV,2841,4.065925492490735
2000,8,Rock,4281,4.42575937553029
2000,8,CDs & Vinyl,8497,4.466419596854379
2000,8,Pop,6808,4.463258078795928
2000,8,Books,14152,4.284871332568431
2000,9,Pop,5774,4.425435587872136
2000,9,Rock,3527,4.396129032258065
2000,9,CDs & Vinyl,7273,4.430239021678711
2000,9,Books,11364,4.300640709709216
2000,9,Movies & TV,2367,4.071074789499752
2000,10,Pop,5851,4.4222841901066925
2000,10,CDs & Vinyl,7274,4.433205722345356
2000,10,Books,12171,4.276776452282157
2000,10,Rock,3606,4.381220486741737
2000,10,Movies & TV,2304,4.0813810110974105
2000,11,CDs & Vinyl,6180,4.438529299119112
2000,11,Pop,4928,4.434158650055196
2000,11,Movies & TV,2106,4.091699383062255
2000,11,Books,11044,4.292922063980534
2000,11,Rock,3027,4.401406742663109
2000,12,Rock,3286,4.384512085944494
2000,12,CDs & Vinyl,6804,4.408597126503913
2000,12,Movies & TV,2366,4.020529197080292
2000,12,Pop,5319,4.410714285714286
2000,12,Books,11367,4.243612058762097
2001,1,Books,12469,4.264658385093168
2001,1,CDs & Vinyl,6726,4.455326876513317
2001,1,Pop,5309,4.446560846560846
2001,1,Movies & TV,2472,3.9714285714285715
2001,1,Rock,3406,4.418557627499438
2001,2,Rock,3077,4.394113245198303
2001,2,Movies & TV,2422,4.0311958405545925
2001,2,Books,11362,4.292990026172455
2001,2,Pop,4974,4.435345525165885
2001,2,CDs & Vinyl,6214,4.435107498689041
2001,3,Pop,5452,4.439572793704328
2001,3,CDs & Vinyl,6911,4.444696282864914
2001,3,Movies & TV,2563,4.006432345508845
2001,3,Rock,3489,4.424631578947368
2001,3,Books,11784,4.2921438617641146
2001,4,Books,10863,4.256935460687078
2001,4,Pop,5099,4.42554144884242
2001,4,CDs & Vinyl,6453,4.432174016971436
2001,4,Movies & TV,2395,4.038218111002921
2001,4,Rock,3318,4.3842592592592595
2001,5,Pop,5347,4.422935655012924
2001,5,CDs & Vinyl,6697,4.423153252480706
2001,5,Books,11955,4.255248122231495
2001,5,Rock,3499,4.412455934195065
2001,5,Movies & TV,2621,4.03837697381571
2001,6,Books,12463,4.2488245483791145
2001,6,Pop,6121,4.405484589241767
2001,6,Movies & TV,2853,4.053698630136986
2001,6,Rock,3797,4.3579555399964995
2001,6,CDs & Vinyl,7470,4.407167403043692
2001,7,Books,13566,4.251228744138749
2001,7,CDs & Vinyl,7940,4.4131868131868135
2001,7,Rock,3998,4.405673758865248
2001,7,Pop,6474,4.405532598714417
2001,7,Movies & TV,3169,4.01534693877551
2001,8,Rock,3875,4.40813720124065
2001,8,Movies & TV,3204,4.045532942393929
2001,8,CDs & Vinyl,7822,4.429953598578339
2001,8,Books,13684,4.24030490179714
2001,8,Pop,6278,4.425692695214106
2001,9,CDs & Vinyl,5986,4.439353099730458
2001,9,Pop,4833,4.428593508500772
2001,9,Rock,3016,4.412402735203961
2001,9,Movies & TV,2619,4.08298755186722
2001,9,Books,10496,4.251196172248804
2001,10,Books,11300,4.273960402822498
2001,10,CDs & Vinyl,6891,4.439514348785872
2001,10,Movies & TV,2805,4.061918892185955
2001,10,Pop,5563,4.431137724550898
2001,10,Rock,3470,4.399960183157476
2001,11,Rock,3734,4.410802586534804
2001,11,Books,12104,4.237205218263924
2001,11,Movies & TV,3010,4.0664172123479885
2001,11,CDs & Vinyl,7432,4.441720963905264
2001,11,Pop,5990,4.435694549108264
2001,12,Pop,5707,4.424299824110404
2001,12,Books,12254,4.2295030667167355
2001,12,Rock,3524,4.379826967714708
2001,12,Movies & TV,3042,4.060893098782138
2001,12,CDs & Vinyl,7118,4.427716186252772
2002,1,CDs & Vinyl,7400,4.427442917433178
2002,1,Rock,3714,4.387738693467337
2002,1,Movies & TV,3268,4.082533589251439
2002,1,Books,13200,4.222228513192164
2002,1,Pop,5909,4.408659628491247
2002,2,CDs & Vinyl,6381,4.44401783502601
2002,2,Movies & TV,2869,4.042082169924212
2002,2,Rock,3226,4.421562007652487
2002,2,Books,11220,4.227590987868284
2002,2,Pop,5084,4.443188759926695
2002,3,Books,12272,4.241677926544651
2002,3,CDs & Vinyl,7092,4.427233045885234
2002,3,Movies & TV,3234,3.9859201590193805
2002,3,Rock,3657,4.416557652775182
2002,3,Pop,5787,4.427638319672131
2002,4,Movies & TV,3079,4.051131302333868
2002,4,Books,12083,4.251295494726574
2002,4,Pop,5355,4.383510485492675
2002,4,Rock,3414,4.360401841774801
2002,4,CDs & Vinyl,6588,4.394111387016673
2002,5,CDs & Vinyl,6179,4.387132352941176
2002,5,Books,10987,4.24545516910201
2002,5,Rock,3202,4.350794332331473
2002,5,Pop,5014,4.384451219512195
2002,5,Movies & TV,2797,4.038050863909921
2002,6,Movies & TV,3007,4.085363804402621
2002,6,Pop,4857,4.432885399365846
2002,6,Rock,3044,4.422267481330618
2002,6,Books,10362,4.243108313436076
2002,6,CDs & Vinyl,6051,4.435083384805435
2002,7,Movies & TV,3213,4.038880484114977
2002,7,Pop,5664,4.383937960042061
2002,7,Rock,3608,4.354324586977648
2002,7,Books,11491,4.251337251535363
2002,7,CDs & Vinyl,6999,4.405522001725625
2002,8,Books,10762,4.2006403415154745
2002,8,CDs & Vinyl,6571,4.428041714947856
2002,8,Pop,5337,4.429156660545274
2002,8,Rock,3375,4.392984667086746
2002,8,Movies & TV,3082,4.03714237911996
2002,9,Books,10219,4.186645517033009
2002,9,Movies & TV,2758,4.037586347013409
2002,9,Pop,4826,4.4256482349265855
2002,9,Rock,3104,4.411737307871449
2002,9,CDs & Vinyl,5924,4.432200128287364
2002,10,CDs & Vinyl,6431,4.421655753040224
2002,10,Movies & TV,2798,4.056481663071191
2002,10,Books,11385,4.23622205813251
2002,10,Pop,5234,4.41575400168492
2002,10,Rock,3303,4.396845425867508
2002,11,Movies & TV,2730,4.040122824974412
2002,11,Pop,5078,4.411885546588408
2002,11,Books,10730,4.223474044495151
2002,11,Rock,3150,4.387969588550984
2002,11,CDs & Vinyl,6206,4.415471374279759
2002,12,Books,11697,4.190428713858425
2002,12,Movies & TV,3012,4.045935107546482
2002,12,Pop,5991,4.437597974195104
2002,12,Rock,3672,4.414150943396226
2002,12,CDs & Vinyl,7310,4.436148716912507
2003,1,Books,12638,4.208023506836172
2003,1,Pop,5975,4.392901931276649
2003,1,CDs & Vinyl,7546,4.396074842383567
2003,1,Rock,3900,4.374088921282799
2003,1,Movies & TV,3312,4.029775102945835
2003,2,Books,10894,4.233593524139925
2003,2,Pop,5531,4.422622994297838
2003,2,CDs & Vinyl,6884,4.434117003827228
2003,2,Rock,3662,4.411276635866491
2003,2,Movies & TV,2908,4.083568833266048
2003,3,Movies & TV,2961,4.031876138433516
2003,3,Rock,3983,4.383276511753095
2003,3,CDs & Vinyl,7403,4.415605749486653
2003,3,Pop,5939,4.408715251690459
2003,3,Books,11419,4.243769204506657
2003,4,Pop,5931,4.390138940120496
2003,4,Rock,3849,4.39188946707339
2003,4,CDs & Vinyl,7277,4.399246512575094
2003,4,Movies & TV,2912,4.013931888544891
2003,4,Books,11000,4.235249095463401
2003,5,Pop,5639,4.387783908635956
2003,5,Movies & TV,2796,4.032333051563821
2003,5,Rock,3732,4.3763696128561
2003,5,Books,11115,4.230397903592856
2003,5,CDs & Vinyl,6933,4.395815542271563
2003,6,Rock,3585,4.401183644189383
2003,6,Movies & TV,2941,4.067734465457352
2003,6,Pop,5542,4.451711358186178
2003,6,CDs & Vinyl,6864,4.454655380894801
2003,6,Books,10979,4.208765217391305
2003,7,Pop,5959,4.415961709706144
2003,7,Rock,3914,4.40536149471974
2003,7,Books,11520,4.194777285751498
2003,7,Movies & TV,3301,4.037225905150433
2003,7,CDs & Vinyl,7515,4.415139515609172
2003,8,Rock,3618,4.3794385573526675
2003,8,CDs & Vinyl,6833,4.391795730431142
2003,8,Movies & TV,2876,3.989577069553017
2003,8,Pop,5458,4.37797167425392
2003,8,Books,10910,4.190692073386697
2003,9,Pop,5747,4.378722051499417
2003,9,Movies & TV,3014,3.9517431554067364
2003,9,CDs & Vinyl,7098,4.37584619550501
2003,9,Rock,3757,4.373299446853042
2003,9,Books,10756,4.1702564829247555
2003,10,Rock,4204,4.350679037246201
2003,10,CDs & Vinyl,7766,4.356197743323322
2003,10,Movies & TV,3285,3.909452736318408
2003,10,Pop,6255,4.338701946122136
2003,10,Books,11188,4.185847743987279
2003,11,Books,10851,4.235791516495703
2003,11,Pop,6244,4.332564176521489
2003,11,CDs & Vinyl,7765,4.350439764383119
2003,11,Movies & TV,3296,4.012392597488433
2003,11,Rock,4238,4.321135991261606
2003,12,Rock,4271,4.332632169401206
2003,12,Pop,6607,4.334348295845202
2003,12,Movies & TV,3455,4.01813880126183
2003,12,Books,11122,4.216998922413793
2003,12,CDs & Vinyl,8139,4.346836069631219
2004,1,CDs & Vinyl,8542,4.378698224852071
2004,1,Movies & TV,3976,3.9663671023965144
2004,1,Pop,6864,4.3764811311361145
2004,1,Books,12971,4.191561229747524
2004,1,Rock,4495,4.359635599159075
2004,2,Movies & TV,3609,3.9155575273587697
2004,2,Rock,4404,4.336156542056075
2004,2,CDs & Vinyl,8171,4.365963334486337
2004,2,Books,11481,4.196882744228512
2004,2,Pop,6600,4.351224105461394
2004,3,Movies & TV,3714,3.9644944476914086
2004,3,CDs & Vinyl,7995,4.344652245109024
2004,3,Books,12161,4.23158471942972
2004,3,Rock,4360,4.312359886414587
2004,3,Pop,6420,4.335974973931179
2004,4,Rock,4412,4.334664646742873
2004,4,CDs & Vinyl,8218,4.357679914070892
2004,4,Pop,6646,4.343186520839492
2004,4,Books,11806,4.231835035451766
2004,4,Movies & TV,3643,3.965808103630065
2004,5,Books,11569,4.2007962840079625
2004,5,Rock,4238,4.335537422622397
2004,5,Movies & TV,3536,3.9902958209422446
2004,5,Pop,6335,4.351178832492535
2004,5,CDs & Vinyl,8006,4.364355593364526
2004,6,Movies & TV,3678,3.966947207345065
2004,6,Books,11948,4.205587301587301
2004,6,Rock,4481,4.277705345501956
2004,6,Pop,6438,4.310029810558707
2004,6,CDs & Vinyl,8089,4.320438891558545
2004,7,CDs & Vinyl,8126,4.3297933175394165
2004,7,Books,12706,4.161968918040537
2004,7,Pop,6465,4.31082276614568
2004,7,Movies & TV,3945,3.894894894894895
2004,7,Rock,4526,4.295457590781187
2004,8,Books,13457,4.134222963580762
2004,8,Pop,6567,4.313946083634048
2004,8,Movies & TV,4019,3.92993288590604
2004,8,Rock,4529,4.287254187909687
2004,8,CDs & Vinyl,8246,4.32712233347845
2004,9,Books,13153,4.13082366260968
2004,9,Rock,4259,4.256723716381418
2004,9,Pop,6298,4.289520426287744
2004,9,Movies & TV,3923,3.9594517418617934
2004,9,CDs & Vinyl,7873,4.299013338205738
2004,10,Movies & TV,4116,4.012073769404272
2004,10,Pop,6706,4.310839056434757
2004,10,Rock,4488,4.27789299046039
2004,10,Books,13554,4.175025811009075
2004,10,CDs & Vinyl,8337,4.324959083469722
2004,11,CDs & Vinyl,8429,4.310419161676647
2004,11,Pop,6749,4.293126815101646
2004,11,Movies & TV,4227,3.9525450689289503
2004,11,Rock,4466,4.263684281659684
2004,11,Books,13711,4.179846085210796
2004,12,Rock,4837,4.288963210702341
2004,12,Books,14475,4.156941649899396
2004,12,Movies & TV,4631,3.9717666354264294
2004,12,Pop,7296,4.286252708941864
2004,12,CDs & Vinyl,9258,4.303843255463452
2005,1,Books,16715,4.151566020232363
2005,1,Movies & TV,5090,3.8891235480464625
2005,1,CDs & Vinyl,9874,4.2925075218316575
2005,1,Pop,7775,4.26445008153651
2005,1,Rock,5190,4.236066828210688
2005,2,Rock,4816,4.250138657792568
2005,2,Movies & TV,4362,3.9029255319148937
2005,2,CDs & Vinyl,8863,4.299298073783872
2005,2,Pop,7024,4.280327537403963
2005,2,Books,14590,4.153874288102827
2005,3,Books,16414,4.151208671595084
2005,3,Rock,5343,4.243506889403731
2005,3,CDs & Vinyl,10054,4.26019497459838
2005,3,Pop,7874,4.226852644189629
2005,3,Movies & TV,5029,3.9265782250686185
2005,4,CDs & Vinyl,9162,4.285390093121528
2005,4,Pop,7180,4.265399610136452
2005,4,Movies & TV,4515,3.889070557162621
2005,4,Books,15321,4.14945107398568
2005,4,Rock,4827,4.254718262050238
2005,5,Books,15278,4.142494856213216
2005,5,Rock,4741,4.180550174351027
2005,5,Movies & TV,4483,3.8807963398046246
2005,5,CDs & Vinyl,8874,4.2515930902111325
2005,5,Pop,6932,4.2354217776939045
2005,6,Pop,7167,4.265822784810126
2005,6,CDs & Vinyl,9081,4.287694462876945
2005,6,Movies & TV,4546,3.858816351433801
2005,6,Books,15222,4.123647237516613
2005,6,Rock,4846,4.281395641768484
2005,7,Pop,8080,4.269192088501509
2005,7,Movies & TV,5445,3.9679440325780515
2005,7,Rock,5248,4.2681879523984785
2005,7,CDs & Vinyl,10275,4.286831723575024
2005,7,Books,18769,4.124217915458568
2005,8,Rock,6217,4.261488409922733
2005,8,CDs & Vinyl,12245,4.293753197294379
2005,8,Pop,9701,4.273783031988874
2005,8,Movies & TV,6207,3.97797539893617
2005,8,Books,24217,4.195188236640348
2005,9,Pop,9479,4.251162135512044
2005,9,Books,24771,4.215891923300407
2005,9,Movies & TV,6261,4.042034616743201
2005,9,CDs & Vinyl,12322,4.270568995657813
2005,9,Rock,6061,4.262703739213807
2005,10,Movies & TV,5757,3.9569952011812477
2005,10,Pop,8788,4.277839273854328
2005,10,Books,21589,4.216159600997506
2005,10,CDs & Vinyl,11527,4.300479204874875
2005,10,Rock,5619,4.265076064353726
2005,11,Rock,4994,4.264419278377667
2005,11,Movies & TV,4709,3.931259044862518
2005,11,CDs & Vinyl,9895,4.303685329553508
2005,11,Pop,7542,4.281355330849743
2005,11,Books,17213,4.174692834171683
2005,12,Rock,5187,4.264258303559614
2005,12,Books,18522,4.14468085106383
2005,12,Movies & TV,5084,3.954550396868544
2005,12,CDs & Vinyl,10422,4.298138411254796
2005,12,Pop,7957,4.26850769092381
2006,1,CDs & Vinyl,11095,4.307134054498151
2006,1,Pop,8371,4.288646172817757
2006,1,Books,21639,4.175509806468373
2006,1,Rock,5545,4.279365479038147
2006,1,Movies & TV,5842,3.9755508310784693
2006,2,CDs & Vinyl,10604,4.331745688099877
2006,2,Movies & TV,5954,4.039367921081476
2006,2,Pop,8095,4.314688536675267
2006,2,Rock,5351,4.293436293436294
2006,2,Books,23186,4.225334396858511
2006,3,Books,27992,4.237637701921652
2006,3,Movies & TV,6740,4.095802579586968
2006,3,Rock,5917,4.300187837520545
2006,3,CDs & Vinyl,11783,4.341995710861612
2006,3,Pop,9105,4.324514991181658
2006,4,Books,18477,4.1802736777367775
2006,4,Movies & TV,4986,3.961331655417
2006,4,Rock,4346,4.3115953307393
2006,4,CDs & Vinyl,8611,4.3443334780720795
2006,4,Pop,6606,4.325354123201933
2006,5,CDs & Vinyl,8934,4.325043177892919
2006,5,Books,19424,4.176431350750417
2006,5,Rock,4549,4.282918428056991
2006,5,Pop,6733,4.309910913140312
2006,5,Movies & TV,5045,3.97885530831396
2006,6,Books,20560,4.178964533224623
2006,6,CDs & Vinyl,8971,4.3084167157151265
2006,6,Rock,4590,4.279505076142132
2006,6,Pop,6807,4.304992532536804
2006,6,Movies & TV,5374,4.090090917439618
2006,7,CDs & Vinyl,9873,4.312441240990285
2006,7,Movies & TV,6073,4.136175153425112
2006,7,Pop,7529,4.303553401978599
2006,7,Rock,4920,4.293222075830771
2006,7,Books,24010,4.204601406799531
2006,8,Books,23977,4.223388848660391
2006,8,Rock,4659,4.284581908610507
2006,8,CDs & Vinyl,9263,4.31895314478683
2006,8,Movies & TV,5991,4.076525336091003
2006,8,Pop,7143,4.292299407646742
2006,9,CDs & Vinyl,6929,4.34961959106039
2006,9,Books,16460,4.179414891158664
2006,9,Movies & TV,4244,3.897986983502346
2006,9,Pop,5165,4.33322739551883
2006,9,Rock,3447,4.327255942764828
2006,10,CDs & Vinyl,7139,4.33697166744078
2006,10,Books,16141,4.194695233194555
2006,10,Rock,3536,4.311916154021417
2006,10,Pop,5341,4.322590593677718
2006,10,Movies & TV,4290,3.9392466585662214
2006,11,Movies & TV,5776,4.122791073412097
2006,11,Rock,4340,4.308424391963341
2006,11,Books,24556,4.278415046871724
2006,11,Pop,6978,4.304294341310669
2006,11,CDs & Vinyl,9089,4.325373393539423
2006,12,Electronics,3534,3.5908888559133403
2006,12,Pop,5630,4.326691449814127
2006,12,CDs & Vinyl,7640,4.339456691160098
2006,12,Books,18175,4.185626441199077
2006,12,Movies & TV,4711,3.953428725701944
2007,1,Electronics,7576,4.063390313390314
2007,1,Movies & TV,9227,4.257098705814178
2007,1,CDs & Vinyl,14641,4.416484886257401
2007,1,Pop,11127,4.417201107135624
2007,1,Books,40428,4.321180238636552
2007,2,Pop,7133,4.382409177820268
2007,2,Movies & TV,6416,4.0891593546561
2007,2,Books,24745,4.245560150833232
2007,2,CDs & Vinyl,9667,4.385978977373953
2007,2,Electronics,4726,3.9336278742845665
2007,3,Movies & TV,7202,4.149266279425253
2007,3,Electronics,5725,4.027773663161013
2007,3,Pop,8009,4.3959718026183285
2007,3,Books,29589,4.282089298301048
2007,3,CDs & Vinyl,10712,4.404489234997709
2007,4,Electronics,4126,3.90531475748194
2007,4,CDs & Vinyl,8290,4.3774671052631575
2007,4,Books,21847,4.242592022967292
2007,4,Movies & TV,5744,4.03748475102584
2007,4,Pop,6183,4.362085437423229
2007,5,Books,30674,4.307817776654644
2007,5,CDs & Vinyl,10851,4.4297034186099165
2007,5,Pop,8076,4.421611868484362
2007,5,Electronics,6064,4.044955827871188
2007,5,Movies & TV,7367,4.168080067232027
2007,6,Pop,6520,4.384556379442598
2007,6,CDs & Vinyl,8821,4.389266890273119
2007,6,Electronics,4793,3.941527319203323
2007,6,Books,24881,4.26611733302385
2007,6,Movies & TV,6359,4.086139702208454
2007,7,Pop,7175,4.409385113268608
2007,7,CDs & Vinyl,9616,4.409917789050201
2007,7,Movies & TV,6899,4.127968933441705
2007,7,Books,27811,4.261330042929488
2007,7,Electronics,5278,3.9458753602305476
2007,8,Books,29033,4.23916532905297
2007,8,Pop,7441,4.3697619845792826
2007,8,Electronics,5183,3.9567715458276336
2007,8,Movies & TV,6840,4.0917760279965005
2007,8,CDs & Vinyl,9926,4.379674660405836
2007,9,Electronics,5202,3.9347647327546826
2007,9,Pop,6787,4.3387389567953525
2007,9,Books,29721,4.222291827293755
2007,9,Movies & TV,6550,4.062876437306078
2007,9,CDs & Vinyl,9203,4.364359799713877
2007,10,Books,28138,4.235401905692646
2007,10,Movies & TV,6524,4.067736670293797
2007,10,Pop,6876,4.361052747981865
2007,10,CDs & Vinyl,9338,4.374076840096258
2007,10,Electronics,5264,3.9293632615666514
2007,11,Pop,6667,4.365077554744525
2007,11,Electronics,5582,3.8908856405846945
2007,11,CDs & Vinyl,9290,4.38168130489335
2007,11,Books,27298,4.244582909460834
2007,11,Movies & TV,6570,4.062035905630228
2007,12,Electronics,6722,3.9004396795759804
2007,12,Movies & TV,7488,4.0898533007334965
2007,12,Books,30546,4.22364722009247
2007,12,CDs & Vinyl,9878,4.3621044303797465
2007,12,Pop,7217,4.3494117647058825
2008,1,CDs & Vinyl,10812,4.365917602996254
2008,1,Movies & TV,8310,4.079940927186336
2008,1,Books,34866,4.259155858004227
2008,1,Electronics,7484,3.9647727844597656
2008,1,Pop,7863,4.364319058250457
2008,2,Electronics,6634,4.001421647819063
2008,2,Movies & TV,7563,4.0634267525813215
2008,2,Books,32475,4.256149297223175
2008,2,CDs & Vinyl,9838,4.387243352406597
2008,2,Pop,7288,4.392837094420119
2008,3,Movies & TV,7293,4.012102161100197
2008,3,CDs & Vinyl,9473,4.374201346917631
2008,3,Electronics,6147,3.9311755680572804
2008,3,Books,30604,4.230451460607849
2008,3,Pop,6918,4.36340206185567
2008,4,Movies & TV,7630,4.0573113564191745
2008,4,CDs & Vinyl,10197,4.392784361083855
2008,4,Pop,7445,4.378794135866198
2008,4,Electronics,6594,4.004219691895512
2008,4,Books,31400,4.253048241738823
2008,5,Books,31254,4.256595138379172
2008,5,Movies & TV,7106,4.050158043586758
2008,5,Pop,7017,4.347901562340447
2008,5,Electronics,6714,3.997838758268387
2008,5,CDs & Vinyl,9414,4.364970414201183
2008,6,Electronics,6551,3.997792199103499
2008,6,CDs & Vinyl,9169,4.357921691723113
2008,6,Movies & TV,7136,4.043123052303546
2008,6,Books,31507,4.21410221023801
2008,6,Pop,6846,4.364402203261691
2008,7,Books,33069,4.214015690419089
2008,7,Electronics,7026,3.9836928274428276
2008,7,Movies & TV,7432,4.002830799094144
2008,7,CDs & Vinyl,9366,4.3773476112026355
2008,7,Pop,6889,4.372080331805282
2008,8,Books,33108,4.14652783124182
2008,8,Movies & TV,7500,4.0469240560033946
2008,8,CDs & Vinyl,9092,4.3439268611232045
2008,8,Pop,6671,4.3424231964100795
2008,8,Electronics,7031,3.964942226890756
2008,9,Electronics,7040,3.987106207629935
2008,9,CDs & Vinyl,8808,4.33347076770842
2008,9,Pop,6544,4.3369019739043155
2008,9,Movies & TV,7297,4.072382108183079
2008,9,Books,33885,4.2266363980325385
2008,10,Electronics,7173,4.000983671060397
2008,10,CDs & Vinyl,8968,4.363629071073319
2008,10,Pop,6705,4.366776490594112
2008,10,Movies & TV,7260,4.085986483185408
2008,10,Books,33433,4.247117232543242
2008,11,Movies & TV,7028,4.099362055405051
2008,11,Pop,6421,4.346030694490449
2008,11,Electronics,7307,3.9661005921009824
2008,11,CDs & Vinyl,8754,4.349236327804237
2008,11,Books,32290,4.248627122196605
2008,12,Books,35771,4.230779580226032
2008,12,Electronics,8829,3.9044907407407408
2008,12,CDs & Vinyl,9910,4.353911847723818
2008,12,Pop,7310,4.33404606861697
2008,12,Movies & TV,7853,4.037665198237885
2009,1,Electronics,10662,4.027673872024893
2009,1,"Clothing, Shoes & Jewelry",9622,4.224129930394431
2009,1,Movies & TV,9574,4.134217799889441
2009,1,Books,41886,4.248020450152753
2009,1,CDs & Vinyl,11661,4.406169167097776
2009,2,Movies & TV,8125,4.0487040729137
2009,2,Pop,7196,4.374785775492716
2009,2,CDs & Vinyl,9769,4.3903575733226194
2009,2,Electronics,9266,4.015350105559465
2009,2,Books,38225,4.24386976219437
2009,3,CDs & Vinyl,10037,4.3789356984478935
2009,3,Electronics,8995,4.016262482168331
2009,3,Pop,7427,4.373238761621777
2009,3,Books,38316,4.235732814526589
2009,3,Movies & TV,8424,4.054725003428885
2009,4,Electronics,9009,3.9972454500737826
2009,4,Pop,7393,4.344206756364341
2009,4,Books,38449,4.239449928288197
2009,4,CDs & Vinyl,9869,4.357925547883519
2009,4,Movies & TV,8138,4.024720670391061
2009,5,Books,40229,4.256415915253169
2009,5,Movies & TV,8529,4.001987254162954
2009,5,Electronics,9112,3.9556593351411067
2009,5,Pop,7579,4.353796136928667
2009,5,CDs & Vinyl,10289,4.359202898550724
2009,6,Books,40403,4.227645643827761
2009,6,Electronics,9215,3.9426341463414634
2009,6,Movies & TV,8172,4.0413138686131385
2009,6,Pop,7339,4.361670533642691
2009,6,CDs & Vinyl,9957,4.375536480686695
2009,7,Movies & TV,7267,3.989393550594474
2009,7,Pop,6737,4.293372005585992
2009,7,Electronics,8500,3.8627117650507063
2009,7,CDs & Vinyl,9128,4.310078791858174
2009,7,Books,36396,4.1719398660942995
2009,8,Electronics,9209,3.8450779700980653
2009,8,CDs & Vinyl,9634,4.335846361399889
2009,8,Movies & TV,7652,3.9863002324809034
2009,8,Books,39652,4.192357081321825
2009,8,Pop,7085,4.335738939441481
2009,9,Books,45464,4.243619055835958
2009,9,"Clothing, Shoes & Jewelry",7992,4.148899129544291
2009,9,Movies & TV,8644,4.101867940920938
2009,9,Electronics,10647,3.9618999237998476
2009,9,CDs & Vinyl,10389,4.38503947726654
2009,10,CDs & Vinyl,10115,4.369793066380005
2009,10,Books,42834,4.231516958628401
2009,10,Movies & TV,8249,4.065240479441663
2009,10,"Clothing, Shoes & Jewelry",7606,4.0684067427949975
2009,10,Electronics,9767,3.9327787987232807
2009,11,"Clothing, Shoes & Jewelry",8210,4.100280504908836
2009,11,Books,41421,4.229949884530187
2009,11,Electronics,10152,3.9171066772580723
2009,11,CDs & Vinyl,9928,4.367745351068758
2009,11,Movies & TV,8129,4.075160680529301
2009,12,Movies & TV,8886,4.033676931941866
2009,12,CDs & Vinyl,10777,4.381443951868271
2009,12,Electronics,11955,3.863756519254126
2009,12,Books,43259,4.230323390989846
2009,12,"Clothing, Shoes & Jewelry",9698,4.121152747163034
2010,1,Electronics,13640,3.89703034215623
2010,1,Movies & TV,9535,4.0015140503875966
2010,1,Books,46356,4.2129406353233065
2010,1,CDs & Vinyl,10079,4.372901678657074
2010,1,"Clothing, Shoes & Jewelry",10815,4.189763156000288
2010,2,CDs & Vinyl,10756,4.403355470115344
2010,2,Home & Kitchen,9699,4.028776558487042
2010,2,Books,50448,4.244054642229739
2010,2,"Clothing, Shoes & Jewelry",11016,4.169106726076809
2010,2,Electronics,14576,3.9587398940618903
2010,3,"Clothing, Shoes & Jewelry",9519,4.15443722029891
2010,3,CDs & Vinyl,10189,4.380791722896986
2010,3,Movies & TV,9131,3.9569133858267715
2010,3,Electronics,13788,3.950519159874184
2010,3,Books,46485,4.243813936611168
2010,4,Books,41784,4.2218800500045734
2010,4,Movies & TV,7967,3.971539553297976
2010,4,Electronics,12770,3.929196072414851
2010,4,CDs & Vinyl,9282,4.374123539232054
2010,4,"Clothing, Shoes & Jewelry",8477,4.168906141136658
2010,5,Books,42503,4.218713968957871
2010,5,Movies & TV,7882,4.028048780487805
2010,5,Electronics,12906,3.8997297194411664
2010,5,"Clothing, Shoes & Jewelry",8453,4.162387299098393
2010,5,CDs & Vinyl,9172,4.360157016683022
2010,6,CDs & Vinyl,8432,4.347384992128739
2010,6,Electronics,13036,3.8953045201615977
2010,6,Movies & TV,7775,4.030060120240481
2010,6,Books,41725,4.212684401820348
2010,6,"Clothing, Shoes & Jewelry",8634,4.15400212416723
2010,7,Electronics,14668,3.8977156385973895
2010,7,Movies & TV,8650,4.053711220643665
2010,7,CDs & Vinyl,9178,4.3745906457301205
2010,7,"Clothing, Shoes & Jewelry",10099,4.1486977111286505
2010,7,Books,46660,4.220802643353755
2010,8,CDs & Vinyl,9172,4.3969248767443805
2010,8,Home & Kitchen,8874,3.9553208773354998
2010,8,Electronics,15227,3.8911198573273476
2010,8,"Clothing, Shoes & Jewelry",10973,4.105992811560185
2010,8,Books,47711,4.209837360721388
2010,9,Home & Kitchen,9653,3.9693300553165334
2010,9,"Clothing, Shoes & Jewelry",12474,4.111924347431828
2010,9,CDs & Vinyl,9158,4.349532559638942
2010,9,Electronics,16289,3.8915391539153914
2010,9,Books,50172,4.22522172590147
2010,10,CDs & Vinyl,9331,4.358381049494078
2010,10,Home & Kitchen,9496,3.9373091543590704
2010,10,"Clothing, Shoes & Jewelry",13742,4.036614080527431
2010,10,Books,49547,4.245676291988009
2010,10,Electronics,16148,3.888954419074901
2010,11,"Clothing, Shoes & Jewelry",14609,4.039823958780593
2010,11,Home & Kitchen,10244,3.917611233293859
2010,11,CDs & Vinyl,9417,4.372134448574969
2010,11,Electronics,16383,3.894396782841823
2010,11,Books,48395,4.240899763426525
2010,12,Toys & Games,10944,3.824189087251697
2010,12,Electronics,18667,3.859092578236566
2010,12,Home & Kitchen,12949,3.890256452476022
2010,12,"Clothing, Shoes & Jewelry",17775,4.056625851477287
2010,12,Books,51513,4.23317310647505
2011,1,"Clothing, Shoes & Jewelry",19857,4.137713477646035
2011,1,Toys & Games,12084,3.980966390300437
2011,1,Home & Kitchen,15086,3.9388153028978685
2011,1,Books,60339,4.218631835638618
2011,1,Electronics,20927,3.9085950790059805
2011,2,Electronics,18580,3.9159282425506037
2011,2,CDs & Vinyl,9843,4.376362735381566
2011,2,Books,54147,4.20655108629465
2011,2,"Clothing, Shoes & Jewelry",15745,4.09790552803257
2011,2,Home & Kitchen,12436,3.946586363036884
2011,3,"Clothing, Shoes & Jewelry",16953,4.104076958314247
2011,3,Electronics,19652,3.9302424846033457
2011,3,Home & Kitchen,12585,3.9825961790107303
2011,3,Books,55906,4.217515041336623
2011,3,CDs & Vinyl,9899,4.385561745589601
2011,4,"Clothing, Shoes & Jewelry",15699,4.1241323402746115
2011,4,Books,53931,4.2118623702894595
2011,4,Sports & Outdoors,9861,4.0688032117394615
2011,4,Home & Kitchen,11823,3.9625515401406743
2011,4,Electronics,19168,3.9385129920246977
2011,5,Home & Kitchen,11785,3.935218661780001
2011,5,"Clothing, Shoes & Jewelry",16418,4.100028785261946
2011,5,Electronics,18889,3.8845418999377945
2011,5,Sports & Outdoors,10519,4.052839821314614
2011,5,Books,54495,4.211171230256326
2011,6,"Clothing, Shoes & Jewelry",17898,4.11527352297593
2011,6,Electronics,19356,3.888334332962043
2011,6,Sports & Outdoors,17980,4.188322632423756
2011,6,Home & Kitchen,12154,3.9728286776623127
2011,6,Books,54517,4.217815464151678
2011,7,Sports & Outdoors,16386,4.140334880636605
2011,7,Home & Kitchen,13046,3.9514642903490937
2011,7,Electronics,20359,3.8922458609933615
2011,7,"Clothing, Shoes & Jewelry",18769,4.116930022573364
2011,7,Books,57684,4.208853040350104
2011,8,"Clothing, Shoes & Jewelry",20409,4.114097968936679
2011,8,Books,61928,4.226521186157038
2011,8,Electronics,21791,3.913189040500923
2011,8,Sports & Outdoors,13238,4.067812065076547
2011,8,Home & Kitchen,13965,3.9930450679596214
2011,9,"Clothing, Shoes & Jewelry",22779,4.123090353557399
2011,9,Sports & Outdoors,13776,4.098873830883757
2011,9,Home & Kitchen,14731,4.007093779015785
2011,9,Books,64642,4.253872776739279
2011,9,Electronics,22971,3.9725417693782523
2011,10,Home & Kitchen,14994,3.993964457360009
2011,10,Books,65447,4.262359479372205
2011,10,Electronics,23219,3.955407163298933
2011,10,"Clothing, Shoes & Jewelry",25927,4.060309982843351
2011,10,Sports & Outdoors,13478,4.108723958333333
2011,11,Electronics,30619,3.9846301909016475
2011,11,Books,62340,4.2470086114304015
2011,11,"Clothing, Shoes & Jewelry",25902,4.089121081745544
2011,11,Accessories,14124,3.8844744998591154
2011,11,Home & Kitchen,15699,3.9518328315919957
2011,12,Electronics,28223,3.9303577343491223
2011,12,Women,18202,4.0634717039801
2011,12,Home & Kitchen,20138,3.976781748435292
2011,12,"Clothing, Shoes & Jewelry",33934,4.092881440305318
2011,12,Books,72072,4.255917268089469
2012,1,Electronics,30401,3.970775189685361
2012,1,Books,82891,4.252237591537836
2012,1,"Clothing, Shoes & Jewelry",35832,4.170715539091441
2012,1,Sports & Outdoors,19161,4.1246842175242655
2012,1,Home & Kitchen,22024,3.9954898189294954
2012,2,Books,74007,4.253567870008431
2012,2,Home & Kitchen,17702,3.9813393843489684
2012,2,"Clothing, Shoes & Jewelry",28535,4.137074303405573
2012,2,Women,15522,4.123168980373384
2012,2,Electronics,26660,3.9678870681471086
2012,3,Books,81318,4.245477573539163
2012,3,Electronics,26770,3.9101885689226723
2012,3,Women,16311,4.115843592283383
2012,3,"Clothing, Shoes & Jewelry",29495,4.120757045875334
2012,3,Home & Kitchen,17654,3.9632880835188264
2012,4,Books,77083,4.252823857294292
2012,4,Sports & Outdoors,16107,4.087508159268929
2012,4,Electronics,25473,3.9242147067561017
2012,4,Home & Kitchen,16317,3.9472551130247577
2012,4,"Clothing, Shoes & Jewelry",27324,4.120971351835273
2012,5,Home & Kitchen,16618,3.9446890665221517
2012,5,Books,79400,4.265150226853772
2012,5,"Clothing, Shoes & Jewelry",28886,4.125871034841394
2012,5,Sports & Outdoors,16717,4.071795878312071
2012,5,Electronics,25990,3.9162798640110528
2012,6,Books,78854,4.261378315239797
2012,6,Home & Kitchen,16596,3.914352488314545
2012,6,"Clothing, Shoes & Jewelry",28989,4.114444843693856
2012,6,Sports & Outdoors,17174,4.064820048991898
2012,6,Electronics,26760,3.9299198737404395
2012,7,"Clothing, Shoes & Jewelry",31815,4.127346654275093
2012,7,Sports & Outdoors,19188,4.070596366508688
2012,7,Electronics,28390,3.948700006860122
2012,7,Books,84058,4.270541043824295
2012,7,Home & Kitchen,18460,3.9659476851576
2012,8,Books,87761,4.264370916501829
2012,8,"Clothing, Shoes & Jewelry",33162,4.099906608556435
2012,8,Sports & Outdoors,19545,4.090349940112007
2012,8,Home & Kitchen,19136,3.9685770246104064
2012,8,Electronics,29020,3.942925361859411
2012,9,Kindle eBooks,26211,4.19046959412661
2012,9,Kindle Store,26417,4.183038580517131
2012,9,Books,107620,4.274800382438823
2012,9,Electronics,30040,3.9448999453398925
2012,9,"Clothing, Shoes & Jewelry",37291,4.111596730886071
2012,10,Electronics,31822,3.971640932077828
2012,10,Kindle Store,27046,4.224109629465685
2012,10,Women,28996,4.1364004087541515
2012,10,"Clothing, Shoes & Jewelry",53929,4.131442923295996
2012,10,Books,110591,4.300912668163744
2012,11,Electronics,38534,4.030618378203806
2012,11,"Clothing, Shoes & Jewelry",59365,4.15869451697128
2012,11,Women,31258,4.141023524556335
2012,11,Books,128929,4.315268621174542
2012,11,Kindle Store,30608,4.199183686484591
2012,12,"Clothing, Shoes & Jewelry",101813,4.221551122194514
2012,12,Home & Kitchen,45324,4.178947636252608
2012,12,Electronics,55950,4.10535532497128
2012,12,Women,54940,4.177518433332387
2012,12,Books,178936,4.336639388110496
2013,1,Books,206370,4.334064095232043
2013,1,Women,58641,4.2003592846481785
2013,1,"Clothing, Shoes & Jewelry",106322,4.243875331973365
2013,1,Electronics,62460,4.127616175594226
2013,1,Home & Kitchen,51724,4.200836198480411
2013,2,Women,50735,4.1825997055749715
2013,2,Electronics,55164,4.116865379646377
2013,2,"Clothing, Shoes & Jewelry",89137,4.22034884812527
2013,2,Kindle Store,43774,4.163451524445591
2013,2,Books,187872,4.328672501018606
2013,3,"Clothing, Shoes & Jewelry",90270,4.215800096227747
2013,3,Women,51336,4.179347826086956
2013,3,Books,192182,4.344293632191133
2013,3,Kindle Store,46966,4.191118395243617
2013,3,Electronics,55856,4.116634167819852
2013,4,Women,51394,4.1647701511683195
2013,4,Kindle Store,45028,4.196151006178205
2013,4,"Clothing, Shoes & Jewelry",88879,4.196988889519092
2013,4,Books,181974,4.331973586157286
2013,4,Electronics,52702,4.102931896793494
2013,5,Kindle Store,45097,4.202749108294756
2013,5,Books,183309,4.327888169856356
2013,5,Electronics,52494,4.077423887587822
2013,5,Women,53263,4.152569438720844
2013,5,"Clothing, Shoes & Jewelry",91037,4.183526381991928
2013,6,Books,179310,4.32960262478344
2013,6,Kindle Store,44659,4.215667767815007
2013,6,Women,49229,4.159450490956658
2013,6,"Clothing, Shoes & Jewelry",85367,4.186783603186841
2013,6,Electronics,50142,4.0614499623498626
2013,7,Kindle Store,47230,4.218054282128201
2013,7,"Clothing, Shoes & Jewelry",87782,4.174960821020666
2013,7,Books,186650,4.33561411504213
2013,7,Women,50712,4.146334102226917
2013,7,Electronics,51874,4.06217601575396
2013,8,Kindle Store,48553,4.219555907872856
2013,8,"Clothing, Shoes & Jewelry",93558,4.168167713190692
2013,8,Books,192800,4.333793864587581
2013,8,Women,53331,4.13404309252218
2013,8,Electronics,53301,4.052776768310813
2013,9,Kindle Store,47590,4.247513871391428
2013,9,Books,182979,4.336463744659374
2013,9,Electronics,48802,4.031171722794323
2013,9,"Clothing, Shoes & Jewelry",90118,4.1428707495951995
2013,9,Women,51443,4.113690037294692
2013,10,Women,57580,4.082807698528223
2013,10,Books,192605,4.352418464698927
2013,10,Electronics,51849,4.043883604318941
2013,10,Kindle Store,49382,4.255388981752334
2013,10,"Clothing, Shoes & Jewelry",103632,4.097557916268658
2013,11,Electronics,49818,3.9838521744247632
2013,11,"Clothing, Shoes & Jewelry",105058,4.088019133980235
2013,11,Books,180763,4.332870692684979
2013,11,Women,57645,4.068018249014164
2013,11,Kindle Store,48630,4.258836913723991
2013,12,Electronics,59410,4.003487923647105
2013,12,"Clothing, Shoes & Jewelry",139664,4.105136285412336
2013,12,Books,204277,4.357345044292354
2013,12,Women,77906,4.05369927000446
2013,12,Sports & Outdoors,54538,4.17175702155454
2014,1,Electronics,65531,4.058123362437747
2014,1,Women,82031,4.102027395412365
2014,1,Kindle Store,64463,4.244381671232565
2014,1,Books,236302,4.3558323467701285
2014,1,"Clothing, Shoes & Jewelry",146021,4.1513168636801945
2014,2,Electronics,58518,4.041250316725405
2014,2,"Clothing, Shoes & Jewelry",124917,4.123842895859649
2014,2,Books,211852,4.359293906867946
2014,2,Women,71845,4.081763601477233
2014,2,Kindle Store,58314,4.268090764522724
2014,3,Books,223723,4.361943409685345
2014,3,Women,84696,4.076563869720605
2014,3,Kindle eBooks,64239,4.285295854634827
2014,3,Kindle Store,64671,4.282393406374852
2014,3,"Clothing, Shoes & Jewelry",143932,4.118252333927643
2014,4,Books,207271,4.359055538857162
2014,4,Kindle Store,61489,4.2868318355948585
2014,4,"Clothing, Shoes & Jewelry",129616,4.116428107076777
2014,4,Kindle eBooks,61088,4.290645386412598
2014,4,Women,76377,4.07292765239401
2014,5,Kindle Store,65084,4.298417872699171
2014,5,Women,77547,4.080543021228592
2014,5,Kindle eBooks,64690,4.30134329635228
2014,5,Books,208223,4.361136120435289
2014,5,"Clothing, Shoes & Jewelry",130700,4.11739814174688
2014,6,Kindle Store,66684,4.298993773596312
2014,6,Women,75939,4.064947002371877
2014,6,Kindle eBooks,66297,4.3015807567796465
2014,6,"Clothing, Shoes & Jewelry",130205,4.1108299424644095
2014,6,Books,209545,4.351954197968031
2014,7,Kindle eBooks,54053,4.3045375993005415
2014,7,Kindle Store,54386,4.302357415474248
2014,7,Books,154189,4.3611692441497025
2014,7,"Clothing, Shoes & Jewelry",120295,4.143594982440295
2014,7,Women,69187,4.080421384984365
